255 255 255,255 255 255,255 255 255,255 255 255,255 255 255,255 255 255,255 255 255,255 255 255,255 255 255,255 255 255,255 255 255,255 255 255,255 255 255,255 255 255,255 255 255,255 255 255,255 255 255,255 255 255,255 255 255,255 255 255,255 255 255,255 255 255,255 255 255,255 255 255,255 255 255,255 255 255,255 255 255,255 255 255,255 255 255,255 255 255,255 255 255,255 255 255,255 255 255,255 255 255,255 255 255,255 255 255,255 255 255,255 255 255,255 255 255,255 255 255,255 255 255,255 255 255,255 255 255,255 255 255,255 255 255,255 255 255,255 255 255,255 255 255,255 255 255,255 255 255,255 255 255,255 255 255,255 255 255,255 255 255,255 255 255,255 255 255,255 255 255,255 255 255,255 255 255,255 255 255,255 255 255,255 255 255,255 255 255,255 255 255,255 255 255,255 255 255,255 255 255,
255 255 255,255 255 255,255 255 255,255 255 255,255 255 255,255 255 255,255 255 255,255 255 255,255 255 255,255 255 255,255 255 255,255 255 255,255 255 255,255 255 255,255 255 255,255 255 255,255 255 255,255 255 255,255 255 255,255 255 255,255 255 255,255 255 255,255 255 255,255 255 255,255 255 255,255 255 255,255 255 255,255 255 255,255 255 255,255 255 255,255 255 255,255 255 255,255 255 255,255 255 255,255 255 255,255 255 255,255 255 255,255 255 255,255 255 255,255 255 255,255 255 255,255 255 255,255 255 255,255 255 255,255 255 255,255 255 255,255 255 255,255 255 255,255 255 255,255 255 255,255 255 255,255 255 255,255 255 255,255 255 255,255 255 255,255 255 255,255 255 255,255 255 255,255 255 255,255 255 255,255 255 255,255 255 255,255 255 255,255 255 255,255 255 255,255 255 255,255 255 255,
255 255 255,255 255 255,255 255 255,255 255 255,255 255 255,255 255 255,255 255 255,255 255 255,255 255 255,255 255 255,255 255 255,255 255 255,255 255 255,255 255 255,255 255 255,255 255 255,255 255 255,255 255 255,255 255 255,255 255 255,255 255 255,255 255 255,255 255 255,255 255 255,255 255 255,255 255 255,255 255 255,255 255 255,255 255 255,255 255 255,255 255 255,255 255 255,255 255 255,255 255 255,255 255 255,255 255 255,255 255 255,255 255 255,255 255 255,255 255 255,255 255 255,255 255 255,255 255 255,255 255 255,255 255 255,255 255 255,255 255 255,255 255 255,255 255 255,255 255 255,255 255 255,255 255 255,255 255 255,255 255 255,255 255 255,255 255 255,255 255 255,255 255 255,255 255 255,255 255 255,255 255 255,255 255 255,255 255 255,255 255 255,255 255 255,255 255 255,255 255 255,
255 255 255,255 255 255,255 255 255,255 255 255,255 255 255,255 255 255,255 255 255,255 255 255,255 255 255,255 255 255,255 255 255,255 255 255,255 255 255,255 255 255,255 255 255,255 255 255,255 255 255,255 255 255,255 255 255,255 255 255,255 255 255,255 255 255,255 255 255,255 255 255,255 255 255,255 255 255,255 255 255,255 255 255,255 255 255,255 255 255,255 255 255,255 255 255,255 255 255,255 255 255,255 255 255,255 255 255,255 255 255,255 255 255,255 255 255,255 255 255,255 255 255,255 255 255,255 255 255,255 255 255,255 255 255,255 255 255,255 255 255,255 255 255,255 255 255,255 255 255,255 255 255,255 255 255,255 255 255,255 255 255,255 255 255,255 255 255,255 255 255,255 255 255,255 255 255,255 255 255,255 255 255,255 255 255,255 255 255,255 255 255,255 255 255,255 255 255,255 255 255,
255 255 255,255 255 255,255 255 255,255 255 255,255 255 255,255 255 255,255 255 255,255 255 255,255 255 255,255 255 255,255 255 255,255 255 255,255 255 255,255 255 255,255 255 255,255 255 255,255 255 255,255 255 255,255 255 255,255 255 255,255 255 255,255 255 255,255 255 255,255 255 255,255 255 255,255 255 255,255 255 255,255 255 255,255 255 255,255 255 255,255 255 255,255 255 255,255 255 255,255 255 255,255 255 255,255 255 255,255 255 255,255 255 255,255 255 255,255 255 255,255 255 255,255 255 255,255 255 255,255 255 255,255 255 255,255 255 255,255 255 255,255 255 255,255 255 255,255 255 255,255 255 255,255 255 255,255 255 255,255 255 255,255 255 255,255 255 255,255 255 255,255 255 255,255 255 255,255 255 255,255 255 255,255 255 255,255 255 255,255 255 255,255 255 255,255 255 255,255 255 255,
255 255 255,255 255 255,255 255 255,255 255 255,255 255 255,255 255 255,255 255 255,255 255 255,255 255 255,255 255 255,255 255 255,255 255 255,255 255 255,255 255 255,255 255 255,255 255 255,255 255 255,255 255 255,255 255 255,255 255 255,255 255 255,255 255 255,255 255 255,255 255 255,255 255 255,255 255 255,255 255 255,255 255 255,255 255 255,255 255 255,255 255 255,255 255 255,255 255 255,255 255 255,255 255 255,255 255 255,255 255 255,255 255 255,255 255 255,255 255 255,255 255 255,255 255 255,255 255 255,255 255 255,255 255 255,255 255 255,255 255 255,255 255 255,255 255 255,255 255 255,255 255 255,255 255 255,255 255 255,255 255 255,255 255 255,255 255 255,255 255 255,255 255 255,255 255 255,255 255 255,255 255 255,255 255 255,255 255 255,255 255 255,255 255 255,255 255 255,255 255 255,
255 255 255,255 255 255,255 255 255,255 255 255,255 255 255,255 255 255,255 255 255,255 255 255,255 255 255,255 255 255,255 255 255,255 255 255,255 255 255,255 255 255,255 255 255,255 255 255,255 255 255,255 255 255,255 255 255,255 255 255,255 255 255,255 255 255,255 255 255,255 255 255,255 255 255,255 255 255,255 255 255,255 255 255,255 255 255,255 255 255,255 255 255,255 255 255,255 255 255,255 255 255,255 255 255,255 255 255,255 255 255,255 255 255,255 255 255,255 255 255,255 255 255,255 255 255,255 255 255,255 255 255,255 255 255,255 255 255,255 255 255,255 255 255,255 255 255,255 255 255,255 255 255,255 255 255,255 255 255,255 255 255,255 255 255,255 255 255,255 255 255,255 255 255,255 255 255,255 255 255,255 255 255,255 255 255,255 255 255,255 255 255,255 255 255,255 255 255,255 255 255,
255 255 255,255 255 255,255 255 255,255 255 255,255 255 255,255 255 255,255 255 255,255 255 255,255 255 255,255 255 255,255 255 255,255 255 255,255 255 255,255 255 255,255 255 255,255 255 255,255 255 255,255 255 255,255 255 255,255 255 255,255 255 255,255 255 255,255 255 255,255 255 255,255 255 255,255 255 255,255 255 255,255 255 255,255 255 255,255 255 255,255 255 255,255 255 255,255 255 255,255 255 255,255 255 255,255 255 255,255 255 255,255 255 255,255 255 255,255 255 255,255 255 255,255 255 255,255 255 255,255 255 255,255 255 255,255 255 255,255 255 255,255 255 255,255 255 255,255 255 255,255 255 255,255 255 255,255 255 255,255 255 255,255 255 255,255 255 255,255 255 255,255 255 255,255 255 255,255 255 255,255 255 255,255 255 255,255 255 255,255 255 255,255 255 255,255 255 255,255 255 255,
255 255 255,255 255 255,255 255 255,255 255 255,255 255 255,255 255 255,255 255 255,255 255 255,255 255 255,255 255 255,255 255 255,255 255 255,255 255 255,255 255 255,255 255 255,255 255 255,255 255 255,255 255 255,255 255 255,255 255 255,255 255 255,255 255 255,255 255 255,255 255 255,255 255 255,255 255 255,255 255 255,255 255 255,255 255 255,255 255 255,255 255 255,255 255 255,255 255 255,255 255 255,255 255 255,255 255 255,255 255 255,255 255 255,255 255 255,255 255 255,255 255 255,255 255 255,255 255 255,255 255 255,255 255 255,255 255 255,255 255 255,255 255 255,255 255 255,255 255 255,255 255 255,255 255 255,255 255 255,255 255 255,255 255 255,255 255 255,255 255 255,255 255 255,255 255 255,255 255 255,255 255 255,255 255 255,255 255 255,255 255 255,255 255 255,255 255 255,255 255 255,
255 255 255,255 255 255,255 255 255,255 255 255,255 255 255,255 255 255,255 255 255,255 255 255,255 255 255,255 255 255,255 255 255,255 255 255,255 255 255,255 255 255,255 255 255,255 255 255,255 255 255,255 255 255,255 255 255,255 255 255,255 255 255,255 255 255,255 255 255,255 255 255,255 255 255,255 255 255,255 255 255,255 255 255,255 255 255,255 255 255,255 255 255,255 255 255,255 255 255,255 255 255,255 255 255,255 255 255,255 255 255,255 255 255,255 255 255,255 255 255,255 255 255,255 255 255,255 255 255,255 255 255,255 255 255,255 255 255,255 255 255,255 255 255,255 255 255,255 255 255,255 255 255,255 255 255,255 255 255,255 255 255,255 255 255,255 255 255,255 255 255,255 255 255,255 255 255,255 255 255,255 255 255,255 255 255,255 255 255,255 255 255,255 255 255,255 255 255,255 255 255,
255 255 255,255 255 255,255 255 255,255 255 255,255 255 255,255 255 255,255 255 255,255 255 255,255 255 255,255 255 255,255 255 255,255 255 255,255 255 255,255 255 255,255 255 255,255 255 255,255 255 255,255 255 255,255 255 255,255 255 255,255 255 255,255 255 255,255 255 255,255 255 255,255 255 255,255 255 255,255 255 255,255 255 255,255 255 255,255 255 255,255 255 255,255 255 255,255 255 255,255 255 255,255 255 255,255 255 255,255 255 255,255 255 255,255 255 255,255 255 255,255 255 255,255 255 255,255 255 255,255 255 255,255 255 255,255 255 255,255 255 255,255 255 255,255 255 255,255 255 255,255 255 255,255 255 255,255 255 255,255 255 255,255 255 255,255 255 255,255 255 255,255 255 255,255 255 255,255 255 255,255 255 255,255 255 255,255 255 255,255 255 255,255 255 255,255 255 255,255 255 255,
255 255 255,255 255 255,255 255 255,255 255 255,255 255 255,255 255 255,255 255 255,255 255 255,255 255 255,255 255 255,255 255 255,255 255 255,255 255 255,255 255 255,255 255 255,255 255 255,255 255 255,255 255 255,255 255 255,255 255 255,255 255 255,255 255 255,255 255 255,255 255 255,255 255 255,255 255 255,255 255 255,255 255 255,255 255 255,255 255 255,255 255 255,255 255 255,255 255 255,255 255 255,255 255 255,255 255 255,255 255 255,255 255 255,255 255 255,255 255 255,255 255 255,255 255 255,255 255 255,255 255 255,255 255 255,255 255 255,255 255 255,255 255 255,255 255 255,255 255 255,255 255 255,255 255 255,255 255 255,255 255 255,255 255 255,255 255 255,255 255 255,255 255 255,255 255 255,255 255 255,255 255 255,255 255 255,255 255 255,255 255 255,255 255 255,255 255 255,255 255 255,
255 255 255,255 255 255,255 255 255,255 255 255,255 255 255,255 255 255,255 255 255,255 255 255,255 255 255,255 255 255,255 255 253,255 255 253,255 255 254,255 255 255,255 255 255,255 255 255,255 255 255,255 255 253,255 255 253,255 255 253,255 255 253,255 255 253,255 255 253,254 255 253,255 255 255,255 255 255,255 255 255,255 254 255,255 255 253,255 255 253,255 255 253,255 255 253,255 255 255,255 255 255,255 255 255,255 255 253,255 255 253,255 255 253,255 255 255,255 255 255,255 255 255,255 255 255,255 255 255,255 255 255,255 255 255,255 254 255,255 254 255,255 255 255,255 255 255,255 255 255,255 255 255,255 255 255,255 255 255,255 255 255,255 255 255,255 255 255,255 255 255,255 255 255,255 255 254,255 255 253,255 255 255,255 255 255,255 255 255,255 255 255,255 255 255,255 255 255,255 255 255,
255 255 255,255 255 255,255 255 255,255 255 255,255 255 255,255 255 255,255 255 255,255 255 255,255 255 255,255 255 254,255 255 251,255 255 250,255 255 252,255 255 254,255 255 255,254 255 255,253 255 254,253 255 252,255 255 252,255 255 252,255 255 252,255 255 252,254 255 251,252 255 251,253 255 255,254 254 255,255 254 255,255 254 254,255 254 251,255 255 249,255 255 250,255 255 251,255 255 254,255 255 254,255 255 254,253 255 251,254 255 250,255 255 251,255 255 253,255 254 255,255 254 255,255 254 255,255 254 255,255 255 254,255 255 254,255 253 255,255 253 255,255 254 255,254 255 253,254 255 253,254 255 253,254 255 253,254 255 255,254 255 255,254 255 255,254 255 255,254 255 255,254 255 254,254 255 252,254 255 251,255 255 254,255 255 255,255 255 255,255 255 255,255 255 255,255 255 255,255 255 255,
255 255 255,255 255 255,255 255 255,255 255 255,255 255 255,255 255 255,255 255 255,255 255 255,255 255 255,255 255 255,255 255 252,255 255 252,255 255 254,254 255 255,253 255 255,253 255 255,251 255 255,251 255 255,252 255 255,253 255 255,253 255 254,253 255 254,251 255 254,249 255 255,250 255 255,251 255 255,253 255 255,255 255 255,255 255 251,255 255 249,255 255 250,254 255 253,253 255 255,252 255 255,252 255 255,250 255 254,251 255 253,252 255 253,253 255 254,253 255 255,253 255 255,253 255 255,249 252 252,254 255 251,254 255 250,255 255 252,255 254 253,255 254 254,255 255 254,255 255 254,255 255 254,255 255 253,255 255 255,255 255 255,255 255 255,255 255 255,255 255 255,255 255 255,255 255 253,255 255 252,255 255 254,255 255 255,255 255 255,255 255 255,255 255 255,255 255 255,255 255 255,
255 255 255,255 255 255,255 255 255,255 255 255,255 255 255,255 255 255,255 255 255,255 255 255,255 255 255,255 255 255,255 255 253,255 255 253,254 255 255,253 255 255,219 223 232,195 199 211,214 219 234,218 225 240,232 238 252,246 253 255,248 255 255,248 255 255,232 241 245,197 207 222,200 209 222,192 199 208,210 215 220,247 250 251,254 255 253,254 255 251,252 255 252,252 255 255,224 230 236,192 199 212,204 211 229,214 222 237,232 241 250,246 254 255,245 252 255,230 238 247,217 224 233,206 214 221,187 196 197,244 251 247,253 255 250,255 255 250,255 254 251,255 254 254,255 255 255,255 255 255,255 255 254,255 255 253,255 255 255,255 255 255,255 255 255,255 254 255,255 254 255,255 255 255,255 255 255,255 255 255,255 255 255,255 255 255,255 255 255,255 255 255,255 255 255,255 255 255,255 255 255,
255 255 255,255 255 255,255 255 255,255 255 255,255 255 255,255 255 255,255 255 255,255 255 255,255 255 255,255 255 255,255 255 253,255 255 253,254 255 255,244 247 253,119 123 135,28 33 53,30 37 61,23 32 60,29 39 69,43 55 83,36 51 76,29 46 65,37 54 75,45 59 82,34 46 63,24 33 44,116 122 128,233 237 238,252 255 255,252 255 255,252 255 255,250 255 255,134 141 150,43 50 70,38 47 77,21 35 71,39 52 87,47 59 90,43 54 83,35 47 73,26 37 61,19 30 49,86 96 108,231 239 242,251 255 255,255 255 255,255 253 255,255 254 255,255 254 255,255 255 255,255 255 254,255 255 253,255 255 253,255 255 255,255 255 255,255 254 255,255 254 255,255 254 255,255 255 255,255 255 255,255 255 255,255 255 255,255 255 255,255 255 255,255 255 255,255 255 255,255 255 255,
255 255 255,255 255 255,255 255 255,255 255 255,255 255 255,255 255 255,255 255 255,255 255 255,255 255 255,255 255 255,255 255 253,255 255 252,254 255 255,248 250 253,168 172 181,100 107 123,90 99 122,53 65 93,22 37 70,29 47 79,31 51 81,24 47 74,27 47 73,58 71 95,104 116 130,117 126 133,189 194 198,246 249 250,254 254 255,254 255 255,253 255 255,252 255 255,180 187 193,115 123 140,81 90 121,37 53 96,31 48 92,21 36 73,26 40 71,60 73 98,88 99 120,112 123 138,174 184 191,244 251 254,251 255 254,255 255 253,255 254 254,255 254 255,255 254 255,255 254 255,255 255 254,255 255 252,255 255 252,255 255 253,255 255 255,255 255 255,255 254 255,255 254 255,255 255 255,255 255 255,255 255 255,255 255 255,255 255 255,255 255 255,255 255 255,255 255 255,255 255 255,
255 255 255,255 255 255,255 255 255,255 255 255,255 255 255,255 255 255,255 255 255,255 255 255,255 255 255,255 255 254,255 255 253,255 255 251,255 255 252,254 255 253,246 250 251,234 240 244,219 228 234,142 156 178,45 62 92,23 44 77,28 51 85,25 51 84,32 54 83,115 128 149,224 233 238,239 245 247,250 253 254,255 254 255,255 253 255,255 253 255,255 254 255,254 255 254,247 251 253,236 242 246,176 186 209,35 53 94,25 45 86,25 42 74,67 82 105,159 170 184,218 226 231,238 245 248,250 255 255,251 255 253,253 255 251,254 254 249,255 255 252,255 254 254,255 254 255,255 255 255,255 255 254,255 255 252,255 255 251,255 255 252,255 255 253,255 255 255,255 255 255,255 255 255,255 255 255,255 255 255,255 255 255,255 255 255,255 255 255,255 255 255,255 255 255,255 255 255,255 255 255,
255 255 255,255 255 255,255 255 255,255 255 255,255 255 255,255 255 255,255 255 255,255 255 255,255 255 255,255 255 254,255 255 253,255 255 251,255 255 250,255 255 250,254 255 251,250 255 255,248 255 255,239 252 254,91 107 131,15 35 66,34 57 92,11 36 76,30 51 85,79 92 116,225 235 240,249 254 254,250 253 252,255 254 255,255 249 255,255 252 255,255 253 255,254 255 253,251 255 255,234 240 247,100 110 134,31 49 87,22 43 79,40 56 81,172 185 200,248 254 254,252 255 255,254 255 253,254 255 251,254 255 250,255 255 250,255 255 250,255 255 253,255 255 255,255 255 255,253 253 253,255 255 252,255 255 251,255 255 251,255 255 251,255 255 253,255 255 255,255 255 255,255 255 255,255 255 255,255 255 255,255 255 255,255 255 255,255 255 255,255 255 255,255 255 255,255 255 255,255 255 255,
255 255 255,255 255 255,255 255 255,255 255 255,255 255 255,255 255 255,255 255 255,255 255 255,255 255 255,255 255 255,255 254 254,255 254 252,255 255 252,255 255 250,255 255 250,252 255 252,250 255 255,248 255 255,152 167 183,39 56 85,27 47 84,29 50 96,24 44 85,53 67 97,179 190 205,248 255 255,252 255 254,255 254 254,255 254 254,255 254 255,255 255 255,254 255 255,246 251 253,174 182 197,54 65 92,33 50 86,34 51 81,136 149 166,240 248 250,252 255 255,255 255 254,255 254 254,255 255 252,255 255 252,255 255 252,255 255 253,255 255 255,255 255 255,255 255 255,255 255 253,255 255 252,255 255 252,255 255 252,255 255 254,255 255 254,255 255 255,255 255 255,255 255 254,255 255 253,255 255 253,255 255 255,255 255 255,255 255 255,255 255 255,255 255 255,255 255 255,255 255 255,
255 255 255,255 255 255,255 255 255,255 255 255,255 255 255,255 255 255,255 255 255,255 255 255,255 255 255,255 255 255,255 254 255,255 253 255,255 254 255,255 254 254,255 255 252,255 255 252,253 255 254,250 255 255,219 228 236,89 103 127,21 36 73,37 55 102,24 41 88,28 43 81,111 125 149,237 247 254,250 255 254,254 255 252,255 255 251,255 255 254,253 255 255,251 255 255,221 228 239,94 105 129,31 43 75,20 34 64,109 121 145,222 231 238,251 255 255,255 255 255,255 254 255,255 254 255,255 254 255,255 254 255,255 254 255,255 254 255,255 254 255,254 255 255,254 255 255,254 255 253,254 255 253,254 255 254,254 255 254,254 255 255,254 255 255,254 255 255,254 255 255,254 255 254,254 255 252,254 255 252,255 255 254,255 255 255,255 255 255,255 255 255,255 255 255,255 255 255,255 255 255,
255 255 255,255 255 255,255 255 255,255 255 255,255 255 255,255 255 255,255 255 255,255 255 255,255 255 255,255 255 255,255 255 255,255 254 255,255 254 255,255 253 255,255 254 255,255 254 254,254 255 253,252 255 255,244 250 252,156 167 185,34 47 80,27 41 85,33 48 95,23 40 82,57 72 102,197 209 223,248 255 255,251 255 251,254 255 250,254 255 254,252 255 255,248 255 255,145 153 174,38 52 80,27 41 71,86 96 114,207 214 221,250 253 253,254 255 252,254 255 251,255 255 254,254 255 255,252 255 255,252 255 255,252 255 255,254 255 253,255 255 253,254 255 253,253 255 253,252 255 255,252 255 255,252 255 255,252 255 255,248 251 255,252 255 255,252 255 255,252 255 255,252 255 255,252 255 252,254 255 251,255 255 254,255 255 255,255 255 255,255 255 255,255 255 255,255 255 255,255 255 255,
255 255 255,255 255 255,255 255 255,255 255 255,255 255 255,255 255 255,255 255 255,255 255 255,255 255 255,255 255 255,255 255 253,255 255 255,255 254 255,255 253 255,255 253 255,255 254 255,255 255 253,253 255 252,251 255 255,211 220 228,85 96 122,20 32 71,37 51 95,31 48 88,31 46 78,137 151 169,244 252 253,251 255 254,254 255 252,254 255 254,250 253 254,208 214 230,59 70 93,21 35 64,64 78 104,215 221 231,254 255 254,254 255 252,254 255 251,252 255 252,249 253 255,233 240 242,227 234 236,230 236 238,244 249 251,252 255 253,254 255 252,253 255 252,252 255 255,252 255 255,249 253 254,250 254 255,252 255 255,247 249 252,235 237 240,211 214 222,215 218 225,251 254 254,252 255 252,252 255 251,254 255 254,255 255 255,255 255 255,255 255 255,255 255 255,255 255 255,255 255 255,
255 255 255,255 255 255,255 255 255,255 255 255,255 255 255,255 255 255,255 255 255,255 255 255,255 255 255,255 255 254,254 255 251,254 255 253,255 255 255,255 253 255,255 253 255,255 254 255,255 255 253,254 255 251,252 255 253,241 247 251,148 156 176,31 40 73,32 45 82,34 52 87,24 40 70,82 94 116,218 225 233,252 255 255,254 255 255,251 253 255,229 232 242,109 114 136,28 36 61,61 73 97,171 182 197,253 254 255,255 254 255,255 255 255,253 255 255,243 249 251,182 192 206,97 110 130,60 73 94,82 93 111,191 199 211,250 254 254,254 255 255,253 255 254,252 255 255,251 255 255,251 255 255,240 245 249,203 208 216,152 157 172,94 99 116,67 72 86,152 156 166,247 251 253,251 255 254,252 255 251,254 255 254,255 255 255,255 255 255,255 255 254,255 255 254,255 255 255,255 255 255,
255 255 255,255 255 255,255 255 255,255 255 255,255 255 255,255 255 255,255 255 255,255 255 255,255 255 255,255 255 255,255 255 253,255 255 255,255 255 255,255 255 255,255 254 255,255 255 255,255 255 254,255 255 254,253 255 255,253 254 255,212 214 229,65 67 92,33 43 76,29 48 84,31 51 82,41 58 79,172 182 190,249 255 255,250 255 255,238 244 250,166 174 195,40 50 76,32 41 66,149 156 173,239 244 247,252 255 255,249 252 254,253 254 255,242 246 255,145 155 174,56 73 98,27 48 75,34 56 83,28 43 66,140 149 166,248 251 252,255 255 255,255 254 255,254 254 255,250 252 255,240 247 250,143 155 168,55 69 92,45 57 84,32 41 69,37 43 66,199 205 218,251 255 255,251 255 254,252 255 251,254 255 255,255 255 255,255 255 254,255 255 252,255 255 252,253 255 255,250 255 255,
255 255 255,255 255 255,255 255 255,255 255 255,255 255 255,255 255 255,255 255 255,255 255 255,255 255 255,255 255 255,255 255 255,255 255 255,255 255 255,255 255 255,255 255 255,255 255 255,255 255 255,255 255 255,255 254 255,255 254 255,252 249 255,134 131 152,34 41 71,26 46 84,26 49 82,30 50 73,119 133 147,235 244 247,248 255 255,216 225 233,88 101 127,22 36 63,94 104 124,216 220 227,254 255 255,247 253 251,251 255 255,238 241 251,146 152 177,47 60 90,21 43 75,20 47 77,38 63 93,21 39 66,131 141 161,247 251 252,255 255 255,255 253 255,255 253 255,254 254 255,225 234 240,93 109 129,24 43 73,31 49 85,28 43 78,49 57 86,225 230 247,251 255 255,253 255 252,254 255 251,254 255 255,255 255 255,255 255 253,255 255 251,255 255 254,252 255 255,218 228 238,
255 255 255,255 255 255,255 255 255,255 255 255,255 255 255,255 255 255,255 255 255,255 255 255,255 255 255,255 255 255,255 255 255,255 255 255,255 255 255,255 255 255,255 255 255,255 255 255,255 255 254,255 255 255,255 254 255,255 254 255,255 253 255,219 216 231,58 63 93,30 48 88,23 43 80,33 52 82,63 78 100,208 218 226,245 253 254,136 147 168,28 39 64,67 79 102,197 205 218,251 254 255,254 255 255,252 255 255,240 244 245,151 154 166,52 58 82,21 33 63,27 48 81,25 50 84,33 57 89,22 39 69,141 151 172,248 251 253,255 255 255,255 254 255,255 253 255,253 254 255,202 212 219,61 77 100,34 52 85,28 46 82,31 46 80,79 87 114,242 248 255,252 255 255,254 255 252,255 255 251,255 255 252,255 255 253,255 255 254,255 255 255,249 251 253,220 226 235,99 112 127,
255 255 255,255 255 255,255 255 255,255 255 255,255 255 255,255 255 255,255 255 255,255 255 255,255 255 255,255 255 255,255 255 255,255 255 255,255 255 255,255 255 255,255 255 255,255 255 255,255 255 253,255 255 254,255 255 255,255 254 255,255 254 255,254 252 255,118 123 149,34 47 88,22 39 81,35 53 90,38 54 86,154 168 191,196 208 222,53 64 85,44 54 74,159 169 187,246 253 255,252 255 254,254 255 253,250 253 254,177 180 185,61 64 78,73 80 101,59 73 101,26 47 80,24 48 84,29 53 88,29 46 76,159 168 188,249 252 254,255 255 255,255 255 253,255 254 255,250 253 254,169 180 194,38 53 81,39 57 94,28 45 84,34 48 81,116 125 149,249 255 255,253 255 255,255 255 252,255 255 250,255 255 249,255 255 251,255 255 255,252 254 255,215 221 232,109 119 140,42 55 78,
255 255 255,255 255 255,255 255 255,255 255 255,255 255 255,255 255 255,255 255 255,255 255 255,255 255 255,255 255 255,255 255 255,255 255 255,255 255 255,255 255 255,255 255 255,255 255 254,255 255 253,255 255 253,255 255 253,255 255 255,255 254 255,255 254 255,192 195 208,49 58 97,23 38 81,31 50 91,28 48 85,71 88 121,80 94 120,30 41 62,125 132 149,234 241 245,251 255 255,253 255 253,255 255 251,252 253 253,175 178 185,126 129 140,192 200 219,103 119 144,24 45 77,22 46 82,29 51 88,43 58 88,180 189 208,251 254 255,254 255 254,255 255 252,254 255 255,244 249 250,124 136 156,30 47 80,34 52 94,29 46 87,37 52 83,155 164 184,249 255 255,253 255 254,255 255 253,255 255 250,255 255 247,255 255 252,253 255 255,239 245 248,129 138 162,30 42 73,24 39 68,
255 255 255,255 255 255,255 255 255,255 255 255,255 255 255,255 255 255,255 255 255,255 255 255,255 255 255,255 255 255,255 255 255,255 255 255,255 255 255,255 255 255,255 255 255,255 255 254,255 255 252,255 255 251,255 255 251,255 255 254,255 255 255,255 254 255,229 232 240,98 106 139,32 47 86,26 46 88,22 45 85,30 50 87,26 41 70,84 93 113,208 214 224,250 254 255,253 255 255,254 255 253,255 255 251,254 255 255,244 246 248,241 245 247,247 255 255,102 118 140,28 50 79,25 49 84,30 51 88,58 71 101,199 206 216,252 255 255,254 255 253,255 255 252,252 255 255,237 244 246,86 99 123,35 52 88,21 40 84,32 48 90,42 55 86,186 195 210,250 254 254,247 250 249,255 255 253,255 255 251,255 255 247,255 255 252,251 255 255,167 177 200,49 64 95,26 42 76,20 35 66,
255 255 255,255 255 255,255 255 255,255 255 255,255 255 255,255 255 255,255 255 255,255 255 255,255 255 255,255 255 255,255 255 255,255 255 255,255 255 255,255 255 255,255 255 255,255 255 254,255 255 252,255 255 251,255 255 251,255 255 252,255 255 254,255 255 255,251 253 255,151 159 178,44 59 93,22 44 84,22 46 87,30 51 88,34 49 77,152 162 178,239 244 247,253 255 255,254 255 255,255 255 252,254 254 252,254 254 255,253 255 255,251 255 255,247 255 255,65 81 100,25 46 75,25 49 83,31 50 84,73 85 111,215 220 228,252 255 255,254 255 252,254 255 252,251 255 255,195 204 213,54 68 95,33 50 89,19 37 83,33 49 91,56 69 97,209 218 227,250 254 254,249 251 248,255 255 252,255 255 252,255 255 250,254 255 253,215 222 231,82 96 124,25 43 77,32 51 85,27 42 71,
255 255 255,255 255 255,255 255 255,255 255 255,255 255 255,255 255 255,255 255 255,255 255 255,255 255 255,255 255 255,255 255 255,255 255 255,255 255 255,255 255 255,255 255 255,255 255 255,255 255 253,255 255 251,255 255 251,255 255 252,255 255 253,255 255 255,253 255 255,169 177 190,45 61 89,22 46 81,24 49 89,30 51 87,34 50 76,198 207 219,250 255 255,254 255 254,255 255 253,255 255 253,254 253 253,255 255 255,254 255 255,251 255 255,240 252 255,43 61 79,26 48 77,25 48 82,27 46 77,95 107 128,232 238 244,252 255 255,254 255 252,252 255 254,234 241 247,114 125 142,29 45 74,28 47 87,27 45 91,28 45 85,77 90 116,225 233 237,251 255 255,254 255 251,255 255 252,255 254 254,255 254 253,251 254 255,153 164 182,31 50 81,25 47 82,27 48 81,32 48 72,
255 255 255,255 255 255,255 255 255,255 255 255,255 255 255,255 255 255,255 255 255,255 255 255,255 255 255,255 255 255,255 255 253,255 255 255,255 255 255,255 255 255,255 255 255,255 255 255,255 255 254,255 255 251,255 255 251,255 255 252,255 255 253,255 255 255,251 255 255,154 165 174,34 53 77,27 50 83,25 50 89,29 49 83,34 48 74,222 228 239,253 255 255,255 255 253,255 255 253,254 253 253,255 254 255,255 254 255,255 255 255,251 255 255,210 222 230,35 53 73,27 49 80,30 51 85,24 42 72,124 134 153,244 249 254,254 255 255,254 255 255,250 255 255,163 172 182,44 58 78,24 40 72,27 46 87,36 55 98,22 39 76,98 110 133,232 239 242,251 255 255,254 255 251,255 255 252,255 255 255,255 254 255,222 226 236,89 102 127,22 43 76,28 50 86,27 48 77,86 101 120,
255 255 255,255 255 255,255 255 255,255 255 255,255 255 255,255 255 255,255 255 255,255 255 255,255 255 255,255 255 255,255 255 253,255 255 253,255 255 255,255 255 255,255 255 255,255 255 255,255 255 255,255 255 254,255 255 254,255 255 254,255 255 254,255 255 255,249 254 255,136 149 159,26 45 70,29 52 86,27 49 89,31 48 83,48 60 84,243 248 255,253 255 255,255 255 251,255 255 253,254 254 254,255 254 255,255 254 255,255 255 255,251 255 255,167 178 191,32 49 75,27 49 84,32 52 89,27 43 73,155 163 176,251 255 255,254 255 255,254 255 255,228 233 240,90 100 118,27 42 67,32 50 82,21 41 81,37 56 97,29 46 80,125 138 159,240 247 250,252 255 255,254 255 251,255 255 254,255 255 255,252 255 255,183 192 202,39 54 80,22 45 80,28 51 88,27 45 74,156 167 183,
255 255 255,255 255 255,255 255 255,255 255 255,255 255 255,255 255 255,255 255 255,255 255 255,255 255 255,255 255 254,255 255 253,255 255 252,255 255 255,255 255 255,255 254 255,255 255 255,255 255 255,255 255 255,255 255 255,255 255 255,255 255 255,255 255 255,242 248 251,113 130 145,25 46 73,29 51 88,27 47 89,34 49 85,77 85 110,251 255 255,254 255 254,255 255 251,255 255 253,255 254 255,255 254 255,255 254 255,255 254 255,253 255 255,120 131 147,33 49 79,27 48 88,28 49 87,36 51 81,183 190 202,251 255 255,254 255 255,250 251 253,160 166 180,52 63 86,69 85 113,42 62 94,23 44 81,29 49 86,36 54 85,151 164 180,247 253 254,252 255 255,255 255 253,255 255 254,254 255 255,245 250 252,143 155 169,20 38 66,31 54 92,26 48 85,32 49 78,208 215 231,
255 255 255,255 255 255,255 255 255,255 255 255,255 255 255,255 255 255,255 255 255,255 255 255,255 255 255,255 255 254,255 255 253,255 255 251,255 255 255,255 254 255,255 254 255,255 254 255,255 255 255,255 255 255,255 255 255,255 255 255,255 255 255,255 254 255,231 239 242,92 112 130,28 51 81,26 48 88,28 45 89,39 50 88,113 119 144,252 255 255,254 255 254,254 255 251,255 255 253,255 255 255,255 254 255,255 254 255,255 254 255,247 249 255,74 85 105,33 49 83,28 48 92,26 45 86,50 64 95,210 218 228,250 252 255,254 255 255,212 213 225,81 87 108,86 98 126,134 151 182,36 55 88,30 52 87,22 42 75,42 60 88,168 179 189,250 255 255,252 255 255,255 255 253,255 255 254,254 255 255,234 240 242,103 116 132,22 42 70,37 61 99,21 42 81,46 62 91,246 252 253,
255 255 255,255 255 255,255 255 255,255 255 255,255 255 255,255 255 255,255 255 255,255 255 255,255 255 255,255 255 255,254 255 253,254 255 253,254 255 255,255 255 255,255 254 255,255 254 255,255 254 255,255 255 255,255 255 255,255 255 255,255 255 255,255 254 255,223 231 237,80 99 124,31 53 87,27 45 85,27 44 85,38 51 84,136 143 165,250 254 255,254 255 254,255 255 252,255 255 254,255 254 255,255 253 255,255 253 255,255 253 255,227 231 242,49 61 87,30 47 82,29 49 90,27 45 83,67 81 108,229 237 246,246 251 255,242 246 249,134 138 154,49 55 74,159 169 189,161 176 204,23 41 74,31 53 88,20 43 76,45 65 90,174 187 197,248 255 255,252 255 255,254 255 255,255 255 255,254 255 255,222 230 233,77 91 109,28 48 78,38 60 99,21 42 77,61 78 102,248 254 254,
255 255 255,255 255 255,255 255 255,255 255 255,255 255 255,255 255 255,255 255 255,255 255 255,255 255 255,254 255 255,252 255 254,252 255 254,253 255 255,254 255 255,254 255 255,255 254 255,255 254 255,255 254 255,255 255 255,255 255 255,254 255 255,254 255 255,207 216 223,62 80 111,28 48 84,30 50 87,28 46 80,29 44 72,165 174 192,250 255 255,254 255 255,255 255 253,255 253 255,255 253 255,255 252 255,255 253 255,254 254 255,175 180 194,54 68 97,25 45 79,28 48 84,30 46 77,95 110 131,246 255 255,230 238 243,147 156 169,43 53 70,117 125 138,234 241 243,95 107 129,29 46 79,22 44 83,27 51 87,48 71 98,189 205 216,226 236 240,208 213 217,248 249 251,255 254 255,254 255 255,205 214 219,57 72 95,30 48 83,29 48 87,30 48 80,81 98 117,245 254 255,
255 255 255,255 255 255,255 255 255,255 255 255,255 255 255,255 255 255,255 255 255,255 255 255,255 255 255,255 255 255,254 255 255,254 255 255,255 255 255,255 255 255,255 254 255,255 254 255,255 254 255,255 254 255,255 255 253,255 255 253,255 255 253,255 255 253,196 203 211,43 59 92,28 46 85,28 46 84,33 49 83,28 41 70,183 192 210,251 255 255,254 255 255,255 255 252,255 254 252,255 253 254,255 253 255,255 254 255,254 254 255,156 163 179,37 52 84,25 45 84,28 47 86,34 50 84,114 129 153,229 240 245,146 155 169,45 54 69,87 96 111,208 216 223,247 253 253,69 80 102,26 42 77,26 47 90,26 49 91,51 74 106,157 175 195,109 122 135,83 91 100,220 223 226,255 254 255,253 255 255,202 212 218,50 66 93,30 48 86,26 45 87,32 49 86,89 104 129,243 254 255,
255 255 255,255 255 255,255 255 255,255 255 255,255 255 255,255 255 255,255 255 255,255 255 255,255 255 255,255 255 255,255 255 255,255 255 255,255 254 255,255 254 255,255 254 255,255 254 255,255 254 254,255 255 253,255 255 253,255 255 253,254 255 253,254 255 253,173 182 196,29 46 81,30 48 88,30 48 88,33 48 85,26 38 68,211 219 239,250 255 255,254 255 255,255 255 252,255 255 250,255 255 250,255 254 252,255 255 253,249 252 255,133 142 160,25 41 74,29 48 91,28 49 93,15 34 72,84 99 129,106 117 137,30 38 52,84 92 105,203 211 221,249 255 255,247 254 254,39 50 73,28 44 81,30 50 95,23 46 90,40 62 98,66 83 110,22 34 52,98 106 116,233 237 241,253 255 255,252 255 255,197 209 214,39 57 85,30 49 90,25 46 91,30 48 88,73 88 119,219 231 247,
255 255 255,255 255 255,255 255 255,255 255 255,255 255 255,255 255 255,255 255 255,255 255 255,255 255 255,255 255 255,255 254 255,255 254 255,255 254 255,255 254 255,255 254 255,255 255 253,255 255 253,255 255 254,254 255 255,253 255 255,252 255 255,244 248 252,139 149 169,32 48 86,29 46 89,28 45 87,30 45 84,36 50 83,219 230 251,248 255 255,252 255 255,254 255 254,255 255 251,255 255 250,255 255 251,255 255 253,244 246 251,113 123 143,21 36 70,30 49 93,27 48 93,33 51 92,26 42 73,32 42 63,88 96 110,203 209 216,250 255 255,251 255 255,227 232 242,28 38 63,34 50 86,31 50 95,24 44 88,28 46 83,25 39 68,93 102 122,219 225 232,252 255 255,253 255 255,251 255 255,195 207 213,35 52 80,30 49 89,27 46 93,27 44 89,43 56 92,55 65 92,
255 255 255,255 255 255,255 255 255,255 255 255,255 255 255,255 255 255,255 255 255,255 255 255,255 255 255,255 255 255,255 255 255,254 255 255,255 255 254,255 255 254,255 255 254,255 255 254,254 255 255,253 255 255,243 246 252,221 226 235,201 206 218,165 172 190,74 85 112,32 49 87,29 47 88,25 43 84,30 46 85,38 53 87,152 165 192,196 205 217,226 232 240,249 253 254,252 255 254,252 255 253,253 255 252,254 255 253,240 243 247,105 114 132,25 39 71,31 49 88,26 45 86,33 50 86,28 42 69,98 108 125,207 213 220,252 254 254,254 255 255,252 255 255,229 234 243,39 46 70,36 49 83,29 47 87,31 50 88,36 53 86,87 99 123,200 208 218,250 255 255,253 255 255,254 255 255,251 255 255,199 209 214,45 61 85,32 51 85,24 42 84,31 47 87,34 46 79,38 46 72,
255 255 255,255 255 255,255 255 255,255 255 255,255 255 255,255 255 255,255 255 255,255 255 255,255 255 255,255 255 255,254 255 255,254 255 255,254 255 253,254 255 253,254 255 253,254 255 255,252 255 255,239 244 249,127 133 145,55 62 80,37 44 68,53 63 89,32 45 75,26 42 76,33 52 86,30 48 82,34 50 84,21 36 68,44 58 84,44 54 75,53 60 74,109 116 122,229 237 238,249 255 255,251 255 255,254 255 255,240 243 246,109 115 130,36 48 73,37 51 82,31 46 79,30 45 72,126 139 158,225 232 240,251 254 254,246 246 248,255 254 255,254 254 255,247 248 254,54 59 82,35 45 74,29 43 76,42 57 87,68 83 105,206 216 224,249 254 254,249 252 255,254 255 255,254 255 255,252 255 255,204 213 216,59 73 91,36 53 78,19 35 69,39 53 85,45 53 80,148 154 174,
255 255 255,255 255 255,255 255 255,255 255 255,255 255 255,255 255 255,255 255 255,255 255 255,255 255 255,255 255 255,254 255 255,254 255 255,254 255 253,254 255 253,254 255 253,254 255 255,252 255 255,215 219 224,89 95 107,68 74 92,71 78 101,76 85 111,69 80 106,69 82 106,68 83 106,68 83 107,68 82 107,70 81 106,72 82 103,78 84 101,67 72 86,129 133 142,243 248 250,250 255 255,251 255 255,255 255 255,249 250 252,184 188 198,74 82 99,52 62 82,97 109 128,189 201 216,234 243 251,250 255 255,253 254 254,255 254 255,255 253 255,255 253 255,248 248 255,145 148 166,60 67 88,68 79 100,129 140 156,219 227 234,250 255 255,252 255 255,255 255 255,255 255 255,255 255 254,254 255 255,235 240 242,133 143 154,51 63 78,55 69 87,105 115 134,194 200 214,251 255 255,
255 255 255,255 255 255,255 255 255,255 255 255,255 255 255,255 255 255,255 255 255,255 255 255,255 255 255,255 255 255,255 255 255,255 255 255,255 254 255,255 254 254,255 254 254,255 255 254,254 255 255,247 249 251,208 211 218,214 219 226,219 224 233,220 227 238,219 226 236,221 228 237,221 229 237,220 229 237,220 228 237,221 228 237,223 228 237,221 223 231,213 213 220,223 224 229,254 255 255,253 255 255,253 255 255,255 254 255,255 254 255,246 247 250,218 222 228,215 221 228,234 240 247,240 247 251,249 255 255,252 255 254,253 254 251,255 255 253,255 252 253,255 252 254,255 253 255,235 236 244,212 216 225,217 224 232,235 242 247,251 255 255,254 255 252,255 255 251,255 254 252,255 254 254,255 255 253,255 255 255,254 255 255,234 239 242,204 213 218,210 220 225,232 239 244,250 253 254,254 255 255,
255 255 255,255 255 255,255 255 255,255 255 255,255 255 255,255 255 255,255 255 255,255 255 255,255 255 255,255 255 255,255 254 255,255 254 255,255 254 255,255 254 255,255 254 255,255 255 253,255 255 253,255 255 253,253 254 254,253 255 255,252 255 255,251 255 255,252 255 255,253 255 255,253 255 255,253 255 255,253 255 255,253 255 255,254 254 255,255 254 255,255 253 255,255 253 255,255 254 255,255 255 255,255 255 255,255 255 255,255 255 255,255 254 255,254 254 255,254 254 255,253 255 255,253 255 254,253 255 252,253 254 250,252 254 249,255 255 253,255 253 255,255 252 255,255 254 255,255 254 255,251 255 255,250 255 255,251 255 255,253 255 251,255 255 249,255 254 248,255 254 251,255 254 253,255 255 253,255 255 255,255 254 255,254 255 255,250 255 255,250 255 255,252 255 255,254 255 255,255 255 253,
255 255 255,255 255 255,255 255 255,255 255 255,255 255 255,255 255 255,255 255 255,255 255 255,255 255 255,255 255 255,255 255 255,255 255 255,255 254 255,255 254 255,255 254 255,255 254 255,255 254 254,255 255 253,255 255 253,255 255 253,254 255 253,254 255 253,255 255 255,255 254 255,255 255 253,255 255 253,255 255 251,255 255 251,255 255 253,255 254 255,255 254 255,255 254 255,255 254 255,255 255 255,255 255 255,255 255 255,255 255 255,255 255 255,255 254 255,255 254 255,255 254 255,254 253 252,252 254 249,252 253 249,253 255 252,255 255 255,254 255 255,254 254 255,255 254 255,255 255 255,252 255 255,251 255 255,252 255 253,254 255 250,255 255 248,255 254 250,255 254 251,255 254 254,254 255 255,255 255 255,255 254 255,255 255 254,253 255 253,251 255 253,252 255 253,255 255 253,255 255 253,
255 255 255,255 255 255,255 255 255,255 255 255,255 255 255,255 255 255,255 255 255,255 255 255,255 255 255,255 255 255,254 255 255,253 255 255,255 255 255,255 255 255,255 254 255,255 254 255,255 254 255,255 254 255,255 255 254,255 255 254,255 255 254,255 255 254,255 255 254,255 254 254,255 255 254,255 255 252,255 255 250,255 255 250,255 255 250,255 255 253,255 254 254,255 254 255,255 254 255,254 255 255,253 255 255,253 255 255,254 255 255,255 254 255,255 253 255,255 253 255,255 253 255,255 254 254,255 255 254,254 255 254,252 255 255,252 255 255,251 255 255,253 254 253,255 255 251,254 255 254,252 255 255,251 255 255,254 255 254,255 255 251,255 255 251,255 254 252,255 254 254,255 254 255,254 255 255,254 255 255,255 253 255,255 254 254,254 255 252,252 255 252,253 255 253,255 255 254,255 254 255,
255 255 255,255 255 255,255 255 255,255 255 255,255 255 255,255 255 255,255 255 255,255 255 255,255 255 255,254 255 255,252 255 254,252 255 254,253 255 255,254 255 255,254 255 255,255 255 255,255 254 255,255 255 255,255 254 255,255 255 255,254 255 255,254 255 255,255 255 255,255 254 255,255 255 255,255 255 253,254 255 251,254 255 251,254 255 251,255 255 253,255 255 255,255 255 255,254 255 255,253 255 255,252 255 255,252 255 255,253 255 255,255 254 255,255 253 255,255 253 255,255 253 255,254 253 255,253 253 254,252 253 255,250 255 255,249 254 255,251 255 255,253 255 253,255 255 251,254 255 253,252 255 255,252 255 255,254 255 255,255 255 254,255 254 254,255 254 255,255 254 255,255 255 255,253 255 255,254 255 255,255 253 255,255 254 255,255 255 253,253 255 253,254 255 255,255 255 255,255 255 255,
255 255 255,255 255 255,255 255 255,255 255 255,255 255 255,255 255 255,255 255 255,255 255 255,255 255 255,255 255 255,254 255 255,254 255 255,254 255 255,255 255 255,255 255 255,255 255 255,255 255 255,255 255 255,255 255 255,255 255 255,255 255 255,255 255 255,255 255 255,255 255 255,255 255 255,255 255 255,255 255 253,255 255 253,255 255 253,255 255 255,255 255 255,255 255 255,255 255 255,254 255 255,254 255 255,254 255 255,254 255 255,255 255 255,255 254 255,255 254 255,255 254 255,255 255 255,255 255 255,254 255 255,254 255 255,254 255 255,254 255 255,254 255 254,255 255 253,255 255 255,254 255 255,254 255 255,255 255 255,255 255 255,255 255 255,255 254 255,255 255 255,255 255 255,254 255 255,255 255 255,255 254 255,255 254 255,255 255 255,255 255 255,255 255 255,255 255 255,255 255 255,
255 255 255,255 255 255,255 255 255,255 255 255,255 255 255,255 255 255,255 255 255,255 255 255,255 255 255,255 255 255,255 255 255,255 255 255,255 255 255,255 255 255,255 255 255,255 255 255,255 255 255,255 255 255,255 255 255,255 255 255,255 255 255,255 255 255,255 255 255,255 255 255,255 255 255,255 255 255,255 255 255,255 255 255,255 255 255,255 255 255,255 255 255,255 255 255,255 255 255,255 255 255,255 255 255,255 255 255,255 255 255,255 255 255,255 255 255,255 255 255,255 255 255,255 255 255,255 255 255,255 255 255,255 255 255,255 255 255,255 255 255,255 255 255,255 255 255,255 255 255,255 255 255,255 255 255,255 255 255,255 255 255,255 255 255,255 255 255,255 255 255,255 255 255,255 255 255,255 255 255,255 255 255,255 255 255,255 255 255,255 255 255,255 255 255,255 255 255,255 255 255,
255 255 255,255 255 255,255 255 255,255 255 255,255 255 255,255 255 255,255 255 255,255 255 255,255 255 255,255 255 255,255 255 255,255 255 255,255 255 255,255 255 255,255 255 255,255 255 255,255 255 255,255 255 255,255 255 255,255 255 255,255 255 255,255 255 255,255 255 255,255 255 255,255 255 255,255 255 255,255 255 255,255 255 255,255 255 255,255 255 255,255 255 255,255 255 255,255 255 255,255 255 255,255 255 255,255 255 255,255 255 255,255 255 255,255 255 255,255 255 255,255 255 255,255 255 255,255 255 255,255 255 255,255 255 255,255 255 255,255 255 255,255 255 255,255 255 255,255 255 255,255 255 255,255 255 255,255 255 255,255 255 255,255 255 255,255 255 255,255 255 255,255 255 255,255 255 255,255 255 255,255 255 255,255 255 255,255 255 255,255 255 255,255 255 255,255 255 255,255 255 255,
255 255 255,255 255 255,255 255 255,255 255 255,255 255 255,255 255 255,255 255 255,255 255 255,255 255 255,255 255 255,255 255 255,255 255 255,255 255 255,255 255 255,255 255 255,255 255 255,255 255 255,255 255 255,255 255 255,255 255 255,255 255 255,255 255 255,255 255 255,255 255 255,255 255 255,255 255 255,255 255 255,255 255 255,255 255 255,255 255 255,255 255 255,255 255 255,255 255 255,255 255 255,255 255 255,255 255 255,255 255 255,255 255 255,255 255 255,255 255 255,255 255 255,255 255 255,255 255 255,255 255 255,255 255 255,255 255 255,255 255 255,255 255 255,255 255 255,255 255 255,255 255 255,255 255 255,255 255 255,255 255 255,255 255 255,255 255 255,255 255 255,255 255 255,255 255 255,255 255 255,255 255 255,255 255 255,255 255 255,255 255 255,255 255 255,255 255 255,255 255 255,
255 255 255,255 255 255,255 255 255,255 255 255,255 255 255,255 255 255,255 255 255,255 255 255,255 255 255,255 255 255,255 255 255,255 255 255,255 255 255,255 255 255,255 255 255,255 255 255,255 255 255,255 255 255,255 255 255,255 255 255,255 255 255,255 255 255,255 255 255,255 255 255,255 255 255,255 255 255,255 255 255,255 255 255,255 255 255,255 255 255,255 255 255,255 255 255,255 255 255,255 255 255,255 255 255,255 255 255,255 255 255,255 255 255,255 255 255,255 255 255,255 255 255,255 255 255,255 255 255,255 255 255,255 255 255,255 255 255,255 255 255,255 255 255,255 255 255,255 255 255,255 255 255,255 255 255,255 255 255,255 255 255,255 255 255,255 255 255,255 255 255,255 255 255,255 255 255,255 255 255,255 255 255,255 255 255,255 255 255,255 255 255,255 255 255,255 255 255,255 255 255,
255 255 255,255 255 255,255 255 255,255 255 255,255 255 255,255 255 255,255 255 255,255 255 255,255 255 255,255 255 255,255 255 255,255 255 255,255 255 255,255 255 255,255 255 255,255 255 255,255 255 255,255 255 255,255 255 255,255 255 255,255 255 255,255 255 255,255 255 255,255 255 255,255 255 255,255 255 255,255 255 255,255 255 255,255 255 255,255 255 255,255 255 255,255 255 255,255 255 255,255 255 255,255 255 255,255 255 255,255 255 255,255 255 255,255 255 255,255 255 255,255 255 255,255 255 255,255 255 255,255 255 255,255 255 255,255 255 255,255 255 255,255 255 255,255 255 255,255 255 255,255 255 255,255 255 255,255 255 255,255 255 255,255 255 255,255 255 255,255 255 255,255 255 255,255 255 255,255 255 255,255 255 255,255 255 255,255 255 255,255 255 255,255 255 255,255 255 255,255 255 255,
255 255 255,255 255 255,255 255 255,255 255 255,255 255 255,255 255 255,255 255 255,255 255 255,255 255 255,255 255 255,255 255 255,255 255 255,255 255 255,255 255 255,255 255 255,255 255 255,255 255 255,255 255 255,255 255 255,255 255 255,255 255 255,255 255 255,255 255 255,255 255 255,255 255 255,255 255 255,255 255 255,255 255 255,255 255 255,255 255 255,255 255 255,255 255 255,255 255 255,255 255 255,255 255 255,255 255 255,255 255 255,255 255 255,255 255 255,255 255 255,255 255 255,255 255 255,255 255 255,255 255 255,255 255 255,255 255 255,255 255 255,255 255 255,255 255 255,255 255 255,255 255 255,255 255 255,255 255 255,255 255 255,255 255 255,255 255 255,255 255 255,255 255 255,255 255 255,255 255 255,255 255 255,255 255 255,255 255 255,255 255 255,255 255 255,255 255 255,255 255 255,
255 255 255,255 255 255,255 255 255,255 255 255,255 255 255,255 255 255,255 255 255,255 255 255,255 255 255,255 255 255,255 255 255,255 255 255,255 255 255,255 255 255,255 255 255,255 255 255,255 255 255,255 255 255,255 255 255,255 255 255,255 255 255,255 255 255,255 255 255,255 255 255,255 255 255,255 255 255,255 255 255,255 255 255,255 255 255,255 255 255,255 255 255,255 255 255,255 255 255,255 255 255,255 255 255,255 255 255,255 255 255,255 255 255,255 255 255,255 255 255,255 255 255,255 255 255,255 255 255,255 255 255,255 255 255,255 255 255,255 255 255,255 255 255,255 255 255,255 255 255,255 255 255,255 255 255,255 255 255,255 255 255,255 255 255,255 255 255,255 255 255,255 255 255,255 255 255,255 255 255,255 255 255,255 255 255,255 255 255,255 255 255,255 255 255,255 255 255,255 255 255,
255 255 255,255 255 255,255 255 255,255 255 255,255 255 255,255 255 255,255 255 255,255 255 255,255 255 255,255 255 255,255 255 255,255 255 255,255 255 255,255 255 255,255 255 255,255 255 255,255 255 255,255 255 255,255 255 255,255 255 255,255 255 255,255 255 255,255 255 255,255 255 255,255 255 255,255 255 255,255 255 255,255 255 255,255 255 255,255 255 255,255 255 255,255 255 255,255 255 255,255 255 255,255 255 255,255 255 255,255 255 255,255 255 255,255 255 255,255 255 255,255 255 255,255 255 255,255 255 255,255 255 255,255 255 255,255 255 255,255 255 255,255 255 255,255 255 255,255 255 255,255 255 255,255 255 255,255 255 255,255 255 255,255 255 255,255 255 255,255 255 255,255 255 255,255 255 255,255 255 255,255 255 255,255 255 255,255 255 255,255 255 255,255 255 255,255 255 255,255 255 255,
255 255 255,255 255 255,255 255 255,255 255 255,255 255 255,255 255 255,255 255 255,255 255 255,255 255 255,255 255 255,255 255 255,255 255 255,255 255 255,255 255 255,255 255 255,255 255 255,255 255 255,255 255 255,255 255 255,255 255 255,255 255 255,255 255 255,255 255 255,255 255 255,255 255 255,255 255 255,255 255 255,255 255 255,255 255 255,255 255 255,255 255 255,255 255 255,255 255 255,255 255 255,255 255 255,255 255 255,255 255 255,255 255 255,255 255 255,255 255 255,255 255 255,255 255 255,255 255 255,255 255 255,255 255 255,255 255 255,255 255 255,255 255 255,255 255 255,255 255 255,255 255 255,255 255 255,255 255 255,255 255 255,255 255 255,255 255 255,255 255 255,255 255 255,255 255 255,255 255 255,255 255 255,255 255 255,255 255 255,255 255 255,255 255 255,255 255 255,255 255 255,
255 255 255,255 255 255,255 255 255,255 255 255,255 255 255,255 255 255,255 255 255,255 255 255,255 255 255,255 255 255,255 255 255,255 255 255,255 255 255,255 255 255,255 255 255,255 255 255,255 255 255,255 255 255,255 255 255,255 255 255,255 255 255,255 255 255,255 255 255,255 255 255,255 255 255,255 255 255,255 255 255,255 255 255,255 255 255,255 255 255,255 255 255,255 255 255,255 255 255,255 255 255,255 255 255,255 255 255,255 255 255,255 255 255,255 255 255,255 255 255,255 255 255,255 255 255,255 255 255,255 255 255,255 255 255,255 255 255,255 255 255,255 255 255,255 255 255,255 255 255,255 255 255,255 255 255,255 255 255,255 255 255,255 255 255,255 255 255,255 255 255,255 255 255,255 255 255,255 255 255,255 255 255,255 255 255,255 255 255,255 255 255,255 255 255,255 255 255,255 255 255,
255 255 255,255 255 255,255 255 255,255 255 255,255 255 255,255 255 255,255 255 255,255 255 255,255 255 255,255 255 255,255 255 255,255 255 255,255 255 255,255 255 255,255 255 255,255 255 255,255 255 255,255 255 255,255 255 255,255 255 255,255 255 255,255 255 255,255 255 255,255 255 255,255 255 255,255 255 255,255 255 255,255 255 255,255 255 255,255 255 255,255 255 255,255 255 255,255 255 255,255 255 255,255 255 255,255 255 255,255 255 255,255 255 255,255 255 255,255 255 255,255 255 255,255 255 255,255 255 255,255 255 255,255 255 255,255 255 255,255 255 255,255 255 255,255 255 255,255 255 255,255 255 255,255 255 255,255 255 255,255 255 255,255 255 255,255 255 255,255 255 255,255 255 255,255 255 255,255 255 255,255 255 255,255 255 255,255 255 255,255 255 255,255 255 255,255 255 255,255 255 255,
255 255 255,255 255 255,255 255 255,255 255 255,255 255 255,255 255 255,255 255 255,255 255 255,255 255 255,255 255 255,255 255 255,255 255 255,255 255 255,255 255 255,255 255 255,255 255 255,255 255 255,255 255 255,255 255 255,255 255 255,255 255 255,255 255 255,255 255 255,255 255 255,255 255 255,255 255 255,255 255 255,255 255 255,255 255 255,255 255 255,255 255 255,255 255 255,255 255 255,255 255 255,255 255 255,255 255 255,255 255 255,255 255 255,255 255 255,255 255 255,255 255 255,255 255 255,255 255 255,255 255 255,255 255 255,255 255 255,255 255 255,255 255 255,255 255 255,255 255 255,255 255 255,255 255 255,255 255 255,255 255 255,255 255 255,255 255 255,255 255 255,255 255 255,255 255 255,255 255 255,255 255 255,255 255 255,255 255 255,255 255 255,255 255 255,255 255 255,255 255 255,
255 255 255,255 255 255,255 255 255,255 255 255,255 255 255,255 255 255,255 255 255,255 255 255,255 255 255,255 255 255,255 255 255,255 255 255,255 255 255,255 255 255,255 255 255,255 255 255,255 255 255,255 255 255,255 255 255,255 255 255,255 255 255,255 255 255,255 255 255,255 255 255,255 255 255,255 255 255,255 255 255,255 255 255,255 255 255,255 255 255,255 255 255,255 255 255,255 255 255,255 255 255,255 255 255,255 255 255,255 255 255,255 255 255,255 255 255,255 255 255,255 255 255,255 255 255,255 255 255,255 255 255,255 255 255,255 255 255,255 255 255,255 255 255,255 255 255,255 255 255,255 255 255,255 255 255,255 255 255,255 255 255,255 255 255,255 255 255,255 255 255,255 255 255,255 255 255,255 255 255,255 255 255,255 255 255,255 255 255,255 255 255,255 255 255,255 255 255,255 255 255,
255 255 255,255 255 255,255 255 255,255 255 255,255 255 255,255 255 255,255 255 255,255 255 255,255 255 255,255 255 255,255 255 255,255 255 255,255 255 255,255 255 255,255 255 255,255 255 255,255 255 255,255 255 255,255 255 255,255 255 255,255 255 255,255 255 255,255 255 255,255 255 255,255 255 255,255 255 255,255 255 255,255 255 255,255 255 255,255 255 255,255 255 255,255 255 255,255 255 255,255 255 255,255 255 255,255 255 255,255 255 255,255 255 255,255 255 255,255 255 255,255 255 255,255 255 255,255 255 255,255 255 255,255 255 255,255 255 255,255 255 255,255 255 255,255 255 255,255 255 255,255 255 255,255 255 255,255 255 255,255 255 255,255 255 255,255 255 255,255 255 255,255 255 255,255 255 255,255 255 255,255 255 255,255 255 255,255 255 255,255 255 255,255 255 255,255 255 255,255 255 255,
255 255 255,255 255 255,255 255 255,255 255 255,255 255 255,255 255 255,255 255 255,255 255 255,255 255 255,255 255 255,255 255 255,255 255 255,255 255 255,255 255 255,255 255 255,255 255 255,255 255 255,255 255 255,255 255 255,255 255 255,255 255 255,255 255 255,255 255 255,255 255 255,255 255 255,255 255 255,255 255 255,255 255 255,255 255 255,255 255 255,255 255 255,255 255 255,255 255 255,255 255 255,255 255 255,255 255 255,255 255 255,255 255 255,255 255 255,255 255 255,255 255 255,255 255 255,255 255 255,255 255 255,255 255 255,255 255 255,255 255 255,255 255 255,255 255 255,255 255 255,255 255 255,255 255 255,255 255 255,255 255 255,255 255 255,255 255 255,255 255 255,255 255 255,255 255 255,255 255 255,255 255 255,255 255 255,255 255 255,255 255 255,255 255 255,255 255 255,255 255 255,
255 255 255,255 255 255,255 255 255,255 255 255,255 255 255,255 255 255,255 255 255,255 255 255,255 255 255,255 255 255,255 255 255,255 255 255,255 255 255,255 255 255,255 255 255,255 255 255,255 255 255,255 255 255,255 255 255,255 255 255,255 255 255,255 255 255,255 255 255,255 255 255,255 255 255,255 255 255,255 255 255,255 255 255,255 255 255,255 255 255,255 255 255,255 255 255,255 255 255,255 255 255,255 255 255,255 255 255,255 255 255,255 255 255,255 255 255,255 255 255,255 255 255,255 255 255,255 255 255,255 255 255,255 255 255,255 255 255,255 255 255,255 255 255,255 255 255,255 255 255,255 255 255,255 255 255,255 255 255,255 255 255,255 255 255,255 255 255,255 255 255,255 255 255,255 255 255,255 255 255,255 255 255,255 255 255,255 255 255,255 255 255,255 255 255,255 255 255,255 255 255,
